<block-list:block-list xmlns:block-list="http://openoffice.org/2001/block-list"><block-list:block block-list:abbreviated-name="A.D."/><block-list:block block-list:abbreviated-name="A.M."/><block-list:block block-list:abbreviated-name="Al."/><block-list:block block-list:abbreviated-name="Alb."/><block-list:block block-list:abbreviated-name="B."/><block-list:block block-list:abbreviated-name="C."/><block-list:block block-list:abbreviated-name="Corp."/><block-list:block block-list:abbreviated-name="D."/><block-list:block block-list:abbreviated-name="D.C."/><block-list:block block-list:abbreviated-name="Ms."/><block-list:block block-list:abbreviated-name="Msc."/><block-list:block block-list:abbreviated-name="N."/><block-list:block block-list:abbreviated-name="N.N."/><block-list:block block-list:abbreviated-name="N.T."/><block-list:block block-list:abbreviated-name="P.M."/><block-list:block block-list:abbreviated-name="P.T."/><block-list:block block-list:abbreviated-name="R.I.P."/><block-list:block block-list:abbreviated-name="Rp."/><block-list:block block-list:abbreviated-name="S.T."/><block-list:block block-list:abbreviated-name="W."/><block-list:block block-list:abbreviated-name="Wlk."/><block-list:block block-list:abbreviated-name="a."/><block-list:block block-list:abbreviated-name="a.C."/><block-list:block block-list:abbreviated-name="a.C.n."/><block-list:block block-list:abbreviated-name="a.c."/><block-list:block block-list:abbreviated-name="a.f."/><block-list:block block-list:abbreviated-name="a.h."/><block-list:block block-list:abbreviated-name="a.m."/><block-list:block block-list:abbreviated-name="a.n.Chr."/><block-list:block block-list:abbreviated-name="a.p.C."/><block-list:block block-list:abbreviated-name="a.s.c."/><block-list:block block-list:abbreviated-name="a.t."/><block-list:block block-list:abbreviated-name="a.u.c."/><block-list:block block-list:abbreviated-name="abl."/><block-list:block block-list:abbreviated-name="ac."/><block-list:block block-list:abbreviated-name="acc."/><block-list:block block-list:abbreviated-name="acc.c.inf."/><block-list:block block-list:abbreviated-name="accel."/><block-list:block block-list:abbreviated-name="ad us. ext."/><block-list:block block-list:abbreviated-name="ad us. int."/><block-list:block block-list:abbreviated-name="ad."/><block-list:block block-list:abbreviated-name="adm."/><block-list:block block-list:abbreviated-name="adv."/><block-list:block block-list:abbreviated-name="adw."/><block-list:block block-list:abbreviated-name="afr."/><block-list:block block-list:abbreviated-name="agd."/><block-list:block block-list:abbreviated-name="akad."/><block-list:block block-list:abbreviated-name="aktl."/><block-list:block block-list:abbreviated-name="al."/><block-list:block block-list:abbreviated-name="alb."/><block-list:block block-list:abbreviated-name="am."/><block-list:block block-list:abbreviated-name="amer."/><block-list:block block-list:abbreviated-name="anat."/><block-list:block block-list:abbreviated-name="and."/><block-list:block block-list:abbreviated-name="ang."/><block-list:block block-list:abbreviated-name="ang.-amer."/><block-list:block block-list:abbreviated-name="ap."/><block-list:block block-list:abbreviated-name="apost."/><block-list:block block-list:abbreviated-name="ar."/><block-list:block block-list:abbreviated-name="arab."/><block-list:block block-list:abbreviated-name="arch."/><block-list:block block-list:abbreviated-name="archeol."/><block-list:block block-list:abbreviated-name="archip."/><block-list:block block-list:abbreviated-name="archit."/><block-list:block block-list:abbreviated-name="arcyks."/><block-list:block block-list:abbreviated-name="ark."/><block-list:block block-list:abbreviated-name="art."/><block-list:block block-list:abbreviated-name="artyst."/><block-list:block block-list:abbreviated-name="astr."/><block-list:block block-list:abbreviated-name="astron."/><block-list:block block-list:abbreviated-name="austr."/><block-list:block block-list:abbreviated-name="azerb."/><block-list:block block-list:abbreviated-name="azj."/><block-list:block block-list:abbreviated-name="azjat."/><block-list:block block-list:abbreviated-name="b."/><block-list:block block-list:abbreviated-name="b.a."/><block-list:block block-list:abbreviated-name="b.d."/><block-list:block block-list:abbreviated-name="b.r."/><block-list:block block-list:abbreviated-name="ba&#x142;t."/><block-list:block block-list:abbreviated-name="bd."/><block-list:block block-list:abbreviated-name="bdb."/><block-list:block block-list:abbreviated-name="bibl."/><block-list:block block-list:abbreviated-name="blm."/><block-list:block block-list:abbreviated-name="blp."/><block-list:block block-list:abbreviated-name="bm."/><block-list:block block-list:abbreviated-name="bp sufr."/><block-list:block block-list:abbreviated-name="br."/><block-list:block block-list:abbreviated-name="bryt."/><block-list:block block-list:abbreviated-name="b&#x142;."/><block-list:block block-list:abbreviated-name="b&#x142;p."/><block-list:block block-list:abbreviated-name="c.k."/><block-list:block block-list:abbreviated-name="c.o."/><block-list:block block-list:abbreviated-name="c.w&#x142;."/><block-list:block block-list:abbreviated-name="cd."/><block-list:block block-list:abbreviated-name="cdn."/><block-list:block block-list:abbreviated-name="cel."/><block-list:block block-list:abbreviated-name="centr."/><block-list:block block-list:abbreviated-name="ces."/><block-list:block block-list:abbreviated-name="cf."/><block-list:block block-list:abbreviated-name="chem."/><block-list:block block-list:abbreviated-name="chir."/><block-list:block block-list:abbreviated-name="chi&#x144;."/><block-list:block block-list:abbreviated-name="chor."/><block-list:block block-list:abbreviated-name="chrz."/><block-list:block block-list:abbreviated-name="chrze&#x15B;c."/><block-list:block block-list:abbreviated-name="cie&#x15B;n."/><block-list:block block-list:abbreviated-name="ci&#x15B;n."/><block-list:block block-list:abbreviated-name="cyg."/><block-list:block block-list:abbreviated-name="cyw."/><block-list:block block-list:abbreviated-name="cz."/><block-list:block block-list:abbreviated-name="czes."/><block-list:block block-list:abbreviated-name="czw."/><block-list:block block-list:abbreviated-name="czyt."/><block-list:block block-list:abbreviated-name="d.n."/><block-list:block block-list:abbreviated-name="daw."/><block-list:block block-list:abbreviated-name="db."/><block-list:block block-list:abbreviated-name="dcn."/><block-list:block block-list:abbreviated-name="dedyk."/><block-list:block block-list:abbreviated-name="dekl."/><block-list:block block-list:abbreviated-name="deleg."/><block-list:block block-list:abbreviated-name="demogr."/><block-list:block block-list:abbreviated-name="demokr."/><block-list:block block-list:abbreviated-name="dent."/><block-list:block block-list:abbreviated-name="dep."/><block-list:block block-list:abbreviated-name="det."/><block-list:block block-list:abbreviated-name="dh."/><block-list:block block-list:abbreviated-name="diec."/><block-list:block block-list:abbreviated-name="dn."/><block-list:block block-list:abbreviated-name="doc."/><block-list:block block-list:abbreviated-name="dop."/><block-list:block block-list:abbreviated-name="dost."/><block-list:block block-list:abbreviated-name="dos&#x142;."/><block-list:block block-list:abbreviated-name="dot."/><block-list:block block-list:abbreviated-name="dr h.c."/><block-list:block block-list:abbreviated-name="dr hab."/><block-list:block block-list:abbreviated-name="dr habil."/><block-list:block block-list:abbreviated-name="dr med."/><block-list:block block-list:abbreviated-name="ds."/><block-list:block block-list:abbreviated-name="dst."/><block-list:block block-list:abbreviated-name="duszp."/><block-list:block block-list:abbreviated-name="dwumies."/><block-list:block block-list:abbreviated-name="dypl."/><block-list:block block-list:abbreviated-name="dyr."/><block-list:block block-list:abbreviated-name="dyryg."/><block-list:block block-list:abbreviated-name="dyskw."/><block-list:block block-list:abbreviated-name="dyw."/><block-list:block block-list:abbreviated-name="dz."/><block-list:block block-list:abbreviated-name="dziec."/><block-list:block block-list:abbreviated-name="dziek."/><block-list:block block-list:abbreviated-name="dzis."/><block-list:block block-list:abbreviated-name="d&#x142;."/><block-list:block block-list:abbreviated-name="egz."/><block-list:block block-list:abbreviated-name="ekg."/><block-list:block block-list:abbreviated-name="ekol."/><block-list:block block-list:abbreviated-name="ekon."/><block-list:block block-list:abbreviated-name="ekum."/><block-list:block block-list:abbreviated-name="elbl."/><block-list:block block-list:abbreviated-name="elektr."/><block-list:block block-list:abbreviated-name="em."/><block-list:block block-list:abbreviated-name="emigr."/><block-list:block block-list:abbreviated-name="encykl."/><block-list:block block-list:abbreviated-name="epid."/><block-list:block block-list:abbreviated-name="etc."/><block-list:block block-list:abbreviated-name="etiop."/><block-list:block block-list:abbreviated-name="etnogr."/><block-list:block block-list:abbreviated-name="etym."/><block-list:block block-list:abbreviated-name="ew."/><block-list:block block-list:abbreviated-name="ewang."/><block-list:block block-list:abbreviated-name="ewent."/><block-list:block block-list:abbreviated-name="ewid."/><block-list:block block-list:abbreviated-name="fab."/><block-list:block block-list:abbreviated-name="fabr."/><block-list:block block-list:abbreviated-name="farm."/><block-list:block block-list:abbreviated-name="fenic."/><block-list:block block-list:abbreviated-name="filh."/><block-list:block block-list:abbreviated-name="filol."/><block-list:block block-list:abbreviated-name="filoz."/><block-list:block block-list:abbreviated-name="finans."/><block-list:block block-list:abbreviated-name="fiz."/><block-list:block block-list:abbreviated-name="fizjol."/><block-list:block block-list:abbreviated-name="fi&#x144;."/><block-list:block block-list:abbreviated-name="fonet."/><block-list:block block-list:abbreviated-name="fot."/><block-list:block block-list:abbreviated-name="fotogr."/><block-list:block block-list:abbreviated-name="fr."/><block-list:block block-list:abbreviated-name="fragm."/><block-list:block block-list:abbreviated-name="g."/><block-list:block block-list:abbreviated-name="gastr."/><block-list:block block-list:abbreviated-name="gat."/><block-list:block block-list:abbreviated-name="gda&#x144;."/><block-list:block block-list:abbreviated-name="gen."/><block-list:block block-list:abbreviated-name="genet."/><block-list:block block-list:abbreviated-name="geofiz."/><block-list:block block-list:abbreviated-name="geogr."/><block-list:block block-list:abbreviated-name="geol."/><block-list:block block-list:abbreviated-name="geom."/><block-list:block block-list:abbreviated-name="germ."/><block-list:block block-list:abbreviated-name="gim."/><block-list:block block-list:abbreviated-name="gimn."/><block-list:block block-list:abbreviated-name="ginek."/><block-list:block block-list:abbreviated-name="gm."/><block-list:block block-list:abbreviated-name="godz."/><block-list:block block-list:abbreviated-name="gosp."/><block-list:block block-list:abbreviated-name="gr."/><block-list:block block-list:abbreviated-name="gram."/><block-list:block block-list:abbreviated-name="grec."/><block-list:block block-list:abbreviated-name="g&#x142;."/><block-list:block block-list:abbreviated-name="g&#x142;&#x119;b."/><block-list:block block-list:abbreviated-name="g&#xF3;rn."/><block-list:block block-list:abbreviated-name="h.c."/><block-list:block block-list:abbreviated-name="hab."/><block-list:block block-list:abbreviated-name="handl."/><block-list:block block-list:abbreviated-name="hebr."/><block-list:block block-list:abbreviated-name="hetm."/><block-list:block block-list:abbreviated-name="hind."/><block-list:block block-list:abbreviated-name="hist."/><block-list:block block-list:abbreviated-name="hiszp."/><block-list:block block-list:abbreviated-name="hm."/><block-list:block block-list:abbreviated-name="hod."/><block-list:block block-list:abbreviated-name="hondur."/><block-list:block block-list:abbreviated-name="hot."/><block-list:block block-list:abbreviated-name="hr."/><block-list:block block-list:abbreviated-name="hrab."/><block-list:block block-list:abbreviated-name="ib."/><block-list:block block-list:abbreviated-name="ibid."/><block-list:block block-list:abbreviated-name="id."/><block-list:block block-list:abbreviated-name="ie."/><block-list:block block-list:abbreviated-name="ilustr."/><block-list:block block-list:abbreviated-name="im."/><block-list:block block-list:abbreviated-name="im. bier."/><block-list:block block-list:abbreviated-name="imies&#x142;."/><block-list:block block-list:abbreviated-name="in."/><block-list:block block-list:abbreviated-name="inf."/><block-list:block block-list:abbreviated-name="inform."/><block-list:block block-list:abbreviated-name="init."/><block-list:block block-list:abbreviated-name="insp."/><block-list:block block-list:abbreviated-name="inst."/><block-list:block block-list:abbreviated-name="instr."/><block-list:block block-list:abbreviated-name="in&#x17C;."/><block-list:block block-list:abbreviated-name="iron."/><block-list:block block-list:abbreviated-name="itd."/><block-list:block block-list:abbreviated-name="itp."/><block-list:block block-list:abbreviated-name="j.w."/><block-list:block block-list:abbreviated-name="jn."/><block-list:block block-list:abbreviated-name="jun."/><block-list:block block-list:abbreviated-name="jw."/><block-list:block block-list:abbreviated-name="j&#x119;z."/><block-list:block block-list:abbreviated-name="k."/><block-list:block block-list:abbreviated-name="k.c."/><block-list:block block-list:abbreviated-name="k.h."/><block-list:block block-list:abbreviated-name="k.k."/><block-list:block block-list:abbreviated-name="k.o."/><block-list:block block-list:abbreviated-name="k.p."/><block-list:block block-list:abbreviated-name="k.p.a."/><block-list:block block-list:abbreviated-name="k.p.c."/><block-list:block block-list:abbreviated-name="k.p.k."/><block-list:block block-list:abbreviated-name="k.r."/><block-list:block block-list:abbreviated-name="k.r. i o."/><block-list:block block-list:abbreviated-name="k.r.o."/><block-list:block block-list:abbreviated-name="kadm."/><block-list:block block-list:abbreviated-name="kan."/><block-list:block block-list:abbreviated-name="kard."/><block-list:block block-list:abbreviated-name="kat."/><block-list:block block-list:abbreviated-name="katol."/><block-list:block block-list:abbreviated-name="kc."/><block-list:block block-list:abbreviated-name="kier."/><block-list:block block-list:abbreviated-name="kk."/><block-list:block block-list:abbreviated-name="kl."/><block-list:block block-list:abbreviated-name="klas."/><block-list:block block-list:abbreviated-name="kol."/><block-list:block block-list:abbreviated-name="kom."/><block-list:block block-list:abbreviated-name="kpc."/><block-list:block block-list:abbreviated-name="kpr."/><block-list:block block-list:abbreviated-name="kpt."/><block-list:block block-list:abbreviated-name="kr."/><block-list:block block-list:abbreviated-name="krak."/><block-list:block block-list:abbreviated-name="kryt."/><block-list:block block-list:abbreviated-name="ks."/><block-list:block block-list:abbreviated-name="kult."/><block-list:block block-list:abbreviated-name="l.at."/><block-list:block block-list:abbreviated-name="l.m."/><block-list:block block-list:abbreviated-name="l.mn."/><block-list:block block-list:abbreviated-name="l.p."/><block-list:block block-list:abbreviated-name="l.poj."/><block-list:block block-list:abbreviated-name="laic."/><block-list:block block-list:abbreviated-name="lek."/><block-list:block block-list:abbreviated-name="lic."/><block-list:block block-list:abbreviated-name="lm."/><block-list:block block-list:abbreviated-name="lp."/><block-list:block block-list:abbreviated-name="m kw."/><block-list:block block-list:abbreviated-name="m."/><block-list:block block-list:abbreviated-name="m.b."/><block-list:block block-list:abbreviated-name="m.in."/><block-list:block block-list:abbreviated-name="mar."/><block-list:block block-list:abbreviated-name="max."/><block-list:block block-list:abbreviated-name="mec."/><block-list:block block-list:abbreviated-name="mies."/><block-list:block block-list:abbreviated-name="min."/><block-list:block block-list:abbreviated-name="mkw."/><block-list:block block-list:abbreviated-name="mrn."/><block-list:block block-list:abbreviated-name="n."/><block-list:block block-list:abbreviated-name="n.e."/><block-list:block block-list:abbreviated-name="n.p.m."/><block-list:block block-list:abbreviated-name="nacz."/><block-list:block block-list:abbreviated-name="nag."/><block-list:block block-list:abbreviated-name="nb."/><block-list:block block-list:abbreviated-name="ndp."/><block-list:block block-list:abbreviated-name="ndst."/><block-list:block block-list:abbreviated-name="niem."/><block-list:block block-list:abbreviated-name="np."/><block-list:block block-list:abbreviated-name="o."/><block-list:block block-list:abbreviated-name="ob."/><block-list:block block-list:abbreviated-name="obj."/><block-list:block block-list:abbreviated-name="obr."/><block-list:block block-list:abbreviated-name="odc."/><block-list:block block-list:abbreviated-name="ogn."/><block-list:block block-list:abbreviated-name="ok."/><block-list:block block-list:abbreviated-name="oo."/><block-list:block block-list:abbreviated-name="op."/><block-list:block block-list:abbreviated-name="op. cit."/><block-list:block block-list:abbreviated-name="opr."/><block-list:block block-list:abbreviated-name="oprac."/><block-list:block block-list:abbreviated-name="os."/><block-list:block block-list:abbreviated-name="osk."/><block-list:block block-list:abbreviated-name="p."/><block-list:block block-list:abbreviated-name="p.m."/><block-list:block block-list:abbreviated-name="p.n.e."/><block-list:block block-list:abbreviated-name="p.o."/><block-list:block block-list:abbreviated-name="p.p.m."/><block-list:block block-list:abbreviated-name="par."/><block-list:block block-list:abbreviated-name="pchor."/><block-list:block block-list:abbreviated-name="pl."/><block-list:block block-list:abbreviated-name="plur."/><block-list:block block-list:abbreviated-name="plut."/><block-list:block block-list:abbreviated-name="pn."/><block-list:block block-list:abbreviated-name="podinsp."/><block-list:block block-list:abbreviated-name="podst."/><block-list:block block-list:abbreviated-name="pok."/><block-list:block block-list:abbreviated-name="pon."/><block-list:block block-list:abbreviated-name="por."/><block-list:block block-list:abbreviated-name="pos."/><block-list:block block-list:abbreviated-name="pow."/><block-list:block block-list:abbreviated-name="powt."/><block-list:block block-list:abbreviated-name="poz."/><block-list:block block-list:abbreviated-name="pp."/><block-list:block block-list:abbreviated-name="ppanc."/><block-list:block block-list:abbreviated-name="ppor."/><block-list:block block-list:abbreviated-name="ppo&#x17C;."/><block-list:block block-list:abbreviated-name="prez."/><block-list:block block-list:abbreviated-name="prob."/><block-list:block block-list:abbreviated-name="proc."/><block-list:block block-list:abbreviated-name="prod."/><block-list:block block-list:abbreviated-name="prof."/><block-list:block block-list:abbreviated-name="proj."/><block-list:block block-list:abbreviated-name="prze&#x142;."/><block-list:block block-list:abbreviated-name="przym."/><block-list:block block-list:abbreviated-name="pt."/><block-list:block block-list:abbreviated-name="pw."/><block-list:block block-list:abbreviated-name="p&#x142;d."/><block-list:block block-list:abbreviated-name="p&#x142;n."/><block-list:block block-list:abbreviated-name="p&#x142;w."/><block-list:block block-list:abbreviated-name="p&#xF3;zn."/><block-list:block block-list:abbreviated-name="r."/><block-list:block block-list:abbreviated-name="r.szk."/><block-list:block block-list:abbreviated-name="red."/><block-list:block block-list:abbreviated-name="ref."/><block-list:block block-list:abbreviated-name="re&#x17C;."/><block-list:block block-list:abbreviated-name="rodz."/><block-list:block block-list:abbreviated-name="rozdz."/><block-list:block block-list:abbreviated-name="rozm."/><block-list:block block-list:abbreviated-name="rtg."/><block-list:block block-list:abbreviated-name="ryc."/><block-list:block block-list:abbreviated-name="rys."/><block-list:block block-list:abbreviated-name="rzym.-kat."/><block-list:block block-list:abbreviated-name="s."/><block-list:block block-list:abbreviated-name="s.c."/><block-list:block block-list:abbreviated-name="san.-epid."/><block-list:block block-list:abbreviated-name="scil."/><block-list:block block-list:abbreviated-name="sculps."/><block-list:block block-list:abbreviated-name="sek."/><block-list:block block-list:abbreviated-name="sen."/><block-list:block block-list:abbreviated-name="sier&#x17C;."/><block-list:block block-list:abbreviated-name="sob."/><block-list:block block-list:abbreviated-name="sp."/><block-list:block block-list:abbreviated-name="sp. z o.o."/><block-list:block block-list:abbreviated-name="spec."/><block-list:block block-list:abbreviated-name="spr."/><block-list:block block-list:abbreviated-name="st."/><block-list:block block-list:abbreviated-name="staro&#x17C;."/><block-list:block block-list:abbreviated-name="str."/><block-list:block block-list:abbreviated-name="szer."/><block-list:block block-list:abbreviated-name="sze&#x15B;c."/><block-list:block block-list:abbreviated-name="szt."/><block-list:block block-list:abbreviated-name="s&#x142;."/><block-list:block block-list:abbreviated-name="t."/><block-list:block block-list:abbreviated-name="tab."/><block-list:block block-list:abbreviated-name="tabl."/><block-list:block block-list:abbreviated-name="techn."/><block-list:block block-list:abbreviated-name="tel."/><block-list:block block-list:abbreviated-name="telef."/><block-list:block block-list:abbreviated-name="teol."/><block-list:block block-list:abbreviated-name="teoret."/><block-list:block block-list:abbreviated-name="tj."/><block-list:block block-list:abbreviated-name="tow."/><block-list:block block-list:abbreviated-name="turec."/><block-list:block block-list:abbreviated-name="turkm."/><block-list:block block-list:abbreviated-name="tydz."/><block-list:block block-list:abbreviated-name="tyg."/><block-list:block block-list:abbreviated-name="tys."/><block-list:block block-list:abbreviated-name="tyt."/><block-list:block block-list:abbreviated-name="tzn."/><block-list:block block-list:abbreviated-name="tzw."/><block-list:block block-list:abbreviated-name="t&#x142;."/><block-list:block block-list:abbreviated-name="ub.m."/><block-list:block block-list:abbreviated-name="ub.r."/><block-list:block block-list:abbreviated-name="uczn."/><block-list:block block-list:abbreviated-name="ukr."/><block-list:block block-list:abbreviated-name="ul."/><block-list:block block-list:abbreviated-name="uniw."/><block-list:block block-list:abbreviated-name="ur."/><block-list:block block-list:abbreviated-name="urb."/><block-list:block block-list:abbreviated-name="urz."/><block-list:block block-list:abbreviated-name="usg."/><block-list:block block-list:abbreviated-name="uzup."/><block-list:block block-list:abbreviated-name="v."/><block-list:block block-list:abbreviated-name="v.v."/><block-list:block block-list:abbreviated-name="vol."/><block-list:block block-list:abbreviated-name="w st. sp."/><block-list:block block-list:abbreviated-name="w."/><block-list:block block-list:abbreviated-name="wachm."/><block-list:block block-list:abbreviated-name="warsz."/><block-list:block block-list:abbreviated-name="wet."/><block-list:block block-list:abbreviated-name="weter."/><block-list:block block-list:abbreviated-name="wew."/><block-list:block block-list:abbreviated-name="wewn."/><block-list:block block-list:abbreviated-name="wf."/><block-list:block block-list:abbreviated-name="wiceadm."/><block-list:block block-list:abbreviated-name="wicedyr."/><block-list:block block-list:abbreviated-name="wicemin."/><block-list:block block-list:abbreviated-name="wielkop."/><block-list:block block-list:abbreviated-name="wielkopol."/><block-list:block block-list:abbreviated-name="wlkp."/><block-list:block block-list:abbreviated-name="woj."/><block-list:block block-list:abbreviated-name="ws."/><block-list:block block-list:abbreviated-name="wsch."/><block-list:block block-list:abbreviated-name="wsp."/><block-list:block block-list:abbreviated-name="wt."/><block-list:block block-list:abbreviated-name="ww."/><block-list:block block-list:abbreviated-name="wyb."/><block-list:block block-list:abbreviated-name="wyd."/><block-list:block block-list:abbreviated-name="wydz."/><block-list:block block-list:abbreviated-name="wyj&#x105;t."/><block-list:block block-list:abbreviated-name="wym."/><block-list:block block-list:abbreviated-name="wys."/><block-list:block block-list:abbreviated-name="wz."/><block-list:block block-list:abbreviated-name="wzg."/><block-list:block block-list:abbreviated-name="w&#x142;."/><block-list:block block-list:abbreviated-name="w&#x119;g."/><block-list:block block-list:abbreviated-name="zach."/><block-list:block block-list:abbreviated-name="zagr."/><block-list:block block-list:abbreviated-name="zak&#x142;."/><block-list:block block-list:abbreviated-name="zal."/><block-list:block block-list:abbreviated-name="zam."/><block-list:block block-list:abbreviated-name="zap&#x142;."/><block-list:block block-list:abbreviated-name="zarz."/><block-list:block block-list:abbreviated-name="zazw."/><block-list:block block-list:abbreviated-name="za&#x142;."/><block-list:block block-list:abbreviated-name="zdj."/><block-list:block block-list:abbreviated-name="zdr."/><block-list:block block-list:abbreviated-name="zewn."/><block-list:block block-list:abbreviated-name="zjed."/><block-list:block block-list:abbreviated-name="zm."/><block-list:block block-list:abbreviated-name="zn."/><block-list:block block-list:abbreviated-name="zob."/><block-list:block block-list:abbreviated-name="&#x142;ac."/><block-list:block block-list:abbreviated-name="&#x15B;l."/><block-list:block block-list:abbreviated-name="&#x15B;p."/><block-list:block block-list:abbreviated-name="&#x15B;r."/><block-list:block block-list:abbreviated-name="&#x15B;redn."/><block-list:block block-list:abbreviated-name="&#x15B;w."/><block-list:block block-list:abbreviated-name="&#x17A;r."/><block-list:block block-list:abbreviated-name="&#x17C;arg."/><block-list:block block-list:abbreviated-name="&#x17C;o&#x142;."/><block-list:block block-list:abbreviated-name="&#x107;w."/><block-list:block block-list:abbreviated-name="&#x107;wicz."/></block-list:block-list>
