<block-list:block-list xmlns:block-list="http://openoffice.org/2001/block-list"><block-list:block block-list:abbreviated-name="ARiMR"/><block-list:block block-list:abbreviated-name="ARiMR-em"/><block-list:block block-list:abbreviated-name="ARiMR-owi"/><block-list:block block-list:abbreviated-name="ARiMR-u"/><block-list:block block-list:abbreviated-name="ARiMR-ze"/><block-list:block block-list:abbreviated-name="BCh"/><block-list:block block-list:abbreviated-name="BCh-owca"/><block-list:block block-list:abbreviated-name="BCh-owcach"/><block-list:block block-list:abbreviated-name="BCh-owcami"/><block-list:block block-list:abbreviated-name="BCh-owce"/><block-list:block block-list:abbreviated-name="BCh-owcem"/><block-list:block block-list:abbreviated-name="BCh-owcom"/><block-list:block block-list:abbreviated-name="BCh-owcowi"/><block-list:block block-list:abbreviated-name="BCh-owcu"/><block-list:block block-list:abbreviated-name="BCh-owcy"/><block-list:block block-list:abbreviated-name="BCh-owcze"/><block-list:block block-list:abbreviated-name="BCh-owc&#xF3;w"/><block-list:block block-list:abbreviated-name="BCh-owiec"/><block-list:block block-list:abbreviated-name="BCh-owscy"/><block-list:block block-list:abbreviated-name="BCh-owska"/><block-list:block block-list:abbreviated-name="BCh-owski"/><block-list:block block-list:abbreviated-name="BCh-owskich"/><block-list:block block-list:abbreviated-name="BCh-owskie"/><block-list:block block-list:abbreviated-name="BCh-owskiego"/><block-list:block block-list:abbreviated-name="BCh-owskiej"/><block-list:block block-list:abbreviated-name="BCh-owskiemu"/><block-list:block block-list:abbreviated-name="BCh-owskim"/><block-list:block block-list:abbreviated-name="BCh-owskimi"/><block-list:block block-list:abbreviated-name="BCh-owsk&#x105;"/><block-list:block block-list:abbreviated-name="GHz"/><block-list:block block-list:abbreviated-name="IBnGR"/><block-list:block block-list:abbreviated-name="ICom"/><block-list:block block-list:abbreviated-name="IMiGW"/><block-list:block block-list:abbreviated-name="MChAT"/><block-list:block block-list:abbreviated-name="MChAT-em"/><block-list:block block-list:abbreviated-name="MChAT-owi"/><block-list:block block-list:abbreviated-name="MChAT-u"/><block-list:block block-list:abbreviated-name="MHz"/><block-list:block block-list:abbreviated-name="MKiDN"/><block-list:block block-list:abbreviated-name="MNiSW"/><block-list:block block-list:abbreviated-name="MPa"/><block-list:block block-list:abbreviated-name="MPiK"/><block-list:block block-list:abbreviated-name="MPiK-iem"/><block-list:block block-list:abbreviated-name="MPiK-owi"/><block-list:block block-list:abbreviated-name="MPiK-u"/><block-list:block block-list:abbreviated-name="MWh"/><block-list:block block-list:abbreviated-name="MZiOS"/><block-list:block block-list:abbreviated-name="MZiOS-em"/><block-list:block block-list:abbreviated-name="MZiOS-ie"/><block-list:block block-list:abbreviated-name="MZiOS-owi"/><block-list:block block-list:abbreviated-name="MZiOS-u"/><block-list:block block-list:abbreviated-name="Mchacie"/><block-list:block block-list:abbreviated-name="PKiN"/><block-list:block block-list:abbreviated-name="PKiN-em"/><block-list:block block-list:abbreviated-name="PKiN-ie"/><block-list:block block-list:abbreviated-name="PKiN-owi"/><block-list:block block-list:abbreviated-name="PKiN-u"/><block-list:block block-list:abbreviated-name="PRiTV"/><block-list:block block-list:abbreviated-name="UMa"/><block-list:block block-list:abbreviated-name="UMi"/><block-list:block block-list:abbreviated-name="UMiG"/><block-list:block block-list:abbreviated-name="UMiG-iem"/><block-list:block block-list:abbreviated-name="UMiG-owi"/><block-list:block block-list:abbreviated-name="UMiG-u"/><block-list:block block-list:abbreviated-name="UWr"/><block-list:block block-list:abbreviated-name="U&#x15A;l"/><block-list:block block-list:abbreviated-name="WAiF"/><block-list:block block-list:abbreviated-name="WCzK"/><block-list:block block-list:abbreviated-name="WPan"/><block-list:block block-list:abbreviated-name="WPani"/><block-list:block block-list:abbreviated-name="WPa&#x144;stwo"/><block-list:block block-list:abbreviated-name="WSiP"/><block-list:block block-list:abbreviated-name="WSiP-em"/><block-list:block block-list:abbreviated-name="WSiP-ie"/><block-list:block block-list:abbreviated-name="WSiP-owi"/><block-list:block block-list:abbreviated-name="WSiP-u"/><block-list:block block-list:abbreviated-name="WSzW"/><block-list:block block-list:abbreviated-name="ZAiKS"/><block-list:block block-list:abbreviated-name="ZAiKS-em"/><block-list:block block-list:abbreviated-name="ZAiKS-ie"/><block-list:block block-list:abbreviated-name="ZAiKS-owi"/><block-list:block block-list:abbreviated-name="ZAiKS-u"/><block-list:block block-list:abbreviated-name="ZBiR"/><block-list:block block-list:abbreviated-name="ZBoWiD"/><block-list:block block-list:abbreviated-name="ZBoWiD-em"/><block-list:block block-list:abbreviated-name="ZBoWiD-owca"/><block-list:block block-list:abbreviated-name="ZBoWiD-owcach"/><block-list:block block-list:abbreviated-name="ZBoWiD-owcami"/><block-list:block block-list:abbreviated-name="ZBoWiD-owce"/><block-list:block block-list:abbreviated-name="ZBoWiD-owcem"/><block-list:block block-list:abbreviated-name="ZBoWiD-owcom"/><block-list:block block-list:abbreviated-name="ZBoWiD-owcowi"/><block-list:block block-list:abbreviated-name="ZBoWiD-owcu"/><block-list:block block-list:abbreviated-name="ZBoWiD-owcy"/><block-list:block block-list:abbreviated-name="ZBoWiD-owcze"/><block-list:block block-list:abbreviated-name="ZBoWiD-owc&#xF3;w"/><block-list:block block-list:abbreviated-name="ZBoWiD-owi"/><block-list:block block-list:abbreviated-name="ZBoWiD-owiec"/><block-list:block block-list:abbreviated-name="ZBoWiD-owscy"/><block-list:block block-list:abbreviated-name="ZBoWiD-owska"/><block-list:block block-list:abbreviated-name="ZBoWiD-owski"/><block-list:block block-list:abbreviated-name="ZBoWiD-owskich"/><block-list:block block-list:abbreviated-name="ZBoWiD-owskie"/><block-list:block block-list:abbreviated-name="ZBoWiD-owskiego"/><block-list:block block-list:abbreviated-name="ZBoWiD-owskiej"/><block-list:block block-list:abbreviated-name="ZBoWiD-owskiemu"/><block-list:block block-list:abbreviated-name="ZBoWiD-owskim"/><block-list:block block-list:abbreviated-name="ZBoWiD-owskimi"/><block-list:block block-list:abbreviated-name="ZBoWiD-owsk&#x105;"/><block-list:block block-list:abbreviated-name="ZBoWiD-u"/><block-list:block block-list:abbreviated-name="ZChN"/><block-list:block block-list:abbreviated-name="ZChN-em"/><block-list:block block-list:abbreviated-name="ZChN-ie"/><block-list:block block-list:abbreviated-name="ZChN-owca"/><block-list:block block-list:abbreviated-name="ZChN-owcach"/><block-list:block block-list:abbreviated-name="ZChN-owcami"/><block-list:block block-list:abbreviated-name="ZChN-owce"/><block-list:block block-list:abbreviated-name="ZChN-owcem"/><block-list:block block-list:abbreviated-name="ZChN-owcom"/><block-list:block block-list:abbreviated-name="ZChN-owcowi"/><block-list:block block-list:abbreviated-name="ZChN-owcu"/><block-list:block block-list:abbreviated-name="ZChN-owcy"/><block-list:block block-list:abbreviated-name="ZChN-owcze"/><block-list:block block-list:abbreviated-name="ZChN-owc&#xF3;w"/><block-list:block block-list:abbreviated-name="ZChN-owi"/><block-list:block block-list:abbreviated-name="ZChN-owiec"/><block-list:block block-list:abbreviated-name="ZChN-u"/></block-list:block-list>
